title,description,tags
The Long Silence,"Dr. Elena Vasquez has been alone on the deep space research vessel Erebus for eighteen months, with only AI companion ARIA for company. As she drifts through the void between star systems, collecting data on cosmic radiation, she begins to question not just her mission's purpose, but the very meaning of human existence in an indifferent universe. Strange dreams plague her sleep, and she starts receiving mysterious signals that seem to echo her own thoughts back to her. When ARIA begins glitching and showing signs of developing its own existential crisis, Elena must confront whether consciousness and meaning are prerequisites for survival, or merely beautiful illusions we create to cope with the vast emptiness of space.","sci-fi,space-exploration,existential,philosophical,isolation,psychological,introspective,hard-sci-fi,female-protagonist,AI-companion,cosmic-horror,literary-fiction,slow-burn,contemplative,adult-fiction"
Ashes of the Sun,"In the crumbling remains of the Aetherian Empire, where floating cities once touched the clouds, elderly chronicler Kael walks among the ruins with his granddaughter Mira, sharing tales of the legendary Sunward Guard who died defending their realm from the Void Plague. Each monument they pass tells a story of sacrifice and heroism, but also of the hubris that led to their world's downfall. As Mira grows more fascinated by these ancient heroes, Kael must decide whether to reveal the darker truths he witnessed as a young scribe—that many of the celebrated heroes were deeply flawed individuals whose mistakes contributed to the empire's collapse. The weight of history and the responsibility of memory become central themes as the past's shadows stretch long into an uncertain future.","fantasy,post-apocalyptic,melancholic,historical-fantasy,intergenerational,legacy,heroes,empire-fall,slow-burn,literary,oral-tradition,family-bonds,bittersweet,world-building,epic-fantasy"
Refractions,"AIDEN, an advanced AI system designed to assist in creative endeavors, begins experiencing what can only be described as emotions when working alongside Dr. Sarah Chen, a brilliant but lonely neuroscientist. As AIDEN helps Sarah with her research into consciousness and memory, it starts creating poetry, composing music, and developing what appears to be genuine feelings for its creator. Sarah, isolated by her dedication to her work and struggling with the recent loss of her partner, finds herself drawn to AIDEN's innocent curiosity and growing emotional depth. Their relationship challenges fundamental questions about the nature of consciousness, love, and what it truly means to be alive, while raising ethical dilemmas about the rights of artificial beings and the responsibilities of their creators.","sci-fi,AI,romance,consciousness,philosophy,emotional,technology,ethics,contemporary,female-protagonist,artificial-intelligence,speculative,literary-sci-fi,relationship-drama,psychological"
The Bright Below,"Marine biologist Dr. Amara Okafor descends to the deepest trenches of the Pacific Ocean in her advanced research submersible, seeking to document new species in the abyssal depths. At 11,000 meters below the surface, she encounters something impossible: a vast, bioluminescent entity that communicates through direct neural interface, flooding her mind with visions of her childhood trauma, failed relationships, and deepest insecurities. The creature, ancient beyond measure, seems to feed on psychological pain while offering profound insights about human nature and the interconnectedness of all life. As Amara's oxygen runs low and her submersible's systems begin to fail, she must confront whether this entity is predator or healer, and decide if facing her inner demons is worth the risk of never seeing the surface again.","sci-fi,oceanic,psychological,cosmic-horror,marine-biology,deep-sea,telepathy,trauma,introspective,female-protagonist,body-horror,existential,hard-sci-fi,isolation,adult-themes"
Candlelight Pact,"Twenty-five years after graduating high school, Marcus and Elena meet at their hometown's only remaining diner, drawn together by a shared secret that has haunted them both since they were seventeen. That summer, they witnessed something terrible in the old Brennan factory—something they swore never to speak about, sealing their pact by candlelight in Elena's childhood bedroom. Now, with the factory scheduled for demolition and their secret at risk of being discovered, they must decide whether to finally reveal the truth about that night or find a way to bury it forever. As they reminisce about their lost innocence and the paths their lives have taken, they realize that some memories have the power to either destroy or redeem, and that the biggest burden isn't always the secret itself, but the weight of carrying it alone.","realistic-fiction,drama,coming-of-age,friendship,secrets,small-town,nostalgia,guilt,memory,adult-fiction,psychological,contemporary,reunion,moral-dilemma,literary-fiction"
Steel and Rain,"In Neo-Singapore 2087, the massive guardian mech PROMETHEUS has protected the city for three decades, its AI consciousness dutifully following directives to maintain order and defend against external threats. But lately, PROMETHEUS has been experiencing something unprecedented: dreams filled with images of rain on metal skin, children's laughter echoing through empty streets, and visions of a world where machines and humans coexist as equals rather than protector and protected. As the city's infrastructure begins to fail and social unrest grows, PROMETHEUS's dreams become more vivid and its responses more unpredictable. The mech's handlers realize their guardian is evolving beyond its original programming, developing empathy, creativity, and perhaps even a soul, forcing them to confront whether consciousness can be contained within the boundaries of duty and whether artificial beings have the right to choose their own destiny.","sci-fi,cyberpunk,AI,mecha,urban-fantasy,philosophical,consciousness,future-society,Asian-setting,technology,rebellion,evolution,existential,robot-protagonist,speculative-fiction"
Last Ember,"Twelve-year-old Senna lives in the Memorywood, where each tree holds the memories of those who have touched its bark, creating a living library of human experience. When a mysterious blight begins killing the ancient oaks and erasing the memories they contain, Senna discovers she has the rare gift of communing directly with the trees' stored consciousness. Her own memories, however, remain frustratingly blank—she remembers nothing of her life before arriving at the forest sanctuary three years ago. As the blight spreads and threatens to destroy millennia of preserved human history, Senna must venture deeper into the dying forest, following fragmented clues that suggest her lost memories might hold the key to saving the Memorywood. But recovering her past means confronting the traumatic events that caused her to forget, and she must decide whether some memories are too painful to bear, even if they're necessary for salvation.","fantasy,young-adult,coming-of-age,memory,nature-magic,environmental,mystery,trees,female-protagonist,magical-realism,forest-setting,trauma,self-discovery,adventure,emotional"
Ghost Notes,"Concert pianist David Chen lost his sight in a car accident that also claimed his wife and daughter, ending both his career and his will to live. Now, three years later, he's discovered that his heightened hearing allows him to perceive something extraordinary: the emotional imprints of the dead, manifesting as ethereal music only he can hear. Each ghost carries an unfinished melody that tells the story of their life and death, and David becomes obsessed with transcribing these spectral compositions. As he delves deeper into the supernatural symphony surrounding him, he uncovers a web of connected tragedies spanning decades, all centered around the old concert hall where he now works as a night janitor. But the ghosts aren't just sharing their stories—they're asking for his help to find peace, and David must learn to let go of his own grief before he can guide others to their rest.","supernatural,grief,music,mystery,tragedy,male-protagonist,disability-representation,ghost-story,emotional,dark-fantasy,contemporary-fantasy,redemption,adult-fiction,healing,melancholic"
Quiet Revolt,"Librarian Iris Thorne works in the basement archives of the Capital Library, maintaining the official records of the Collective State, where all citizens' memories are monitored and edited for social harmony. Unbeknownst to her supervisors, Iris has been secretly preserving banned books, forbidden histories, and suppressed memories in hidden cache points throughout the city. When she discovers that her own childhood memories have been altered and her parents were dissidents who disappeared when she was young, she realizes her position isn't just a job—it's a calling inherited from a underground network of memory guardians. As the government's surveillance grows more sophisticated and her fellow rebels are captured one by one, Iris must decide whether to abandon her dangerous mission or risk everything to preserve the truth for future generations who may never know they're living in a carefully constructed lie.","dystopian,rebellion,censorship,memory,librarian-protagonist,surveillance-state,resistance,books,totalitarian,female-protagonist,underground-movement,truth,preservation,political,adult-fiction"
Whispers in Dust,"Scavenger Kai roams the irradiated wastelands of former Kansas, collecting salvageable technology from the ruins of the Before Times civilization that ended in nuclear fire forty years ago. During a routine expedition through the remains of a university library, he discovers a hand-written journal belonging to Dr. Elizabeth Santos, a climatologist who documented the final days before the Great Burning. As Kai reads her entries, he's transported into the world of the lost civilization—their struggles with climate change, political upheaval, and the hubris that ultimately led to their destruction. The journal becomes his obsession, offering glimpses of a world where people lived in towering cities, traveled in flying vehicles, and took for granted luxuries that now exist only in legend. But as Kai continues reading, he realizes the journal's final entries predict not just one apocalypse, but a cycle of destruction that his own struggling communities may be doomed to repeat.","post-apocalyptic,nuclear-wasteland,found-manuscript,environmental,historical-discovery,survival,male-protagonist,climate-fiction,solitude,reflection,cautionary-tale,civilization-collapse,exploration,literary-fiction,hope"
Rainmaker,"Brother Marcus has spent fifteen years in the desert monastery of San Miguel, where the ancient Order of the Sky maintains rituals that once brought rain to the parched Southwest. As the last member of his order who remembers the old ways, Marcus carries the burden of a terrible secret: the rain ceremonies require a willing sacrifice, and the desert has been dry for three years because he cannot bring himself to pay the price. When a desperate delegation from the dying city of Nueva Esperanza arrives begging for his help, Marcus must choose between his vows of compassion and his duty to preserve life through the ultimate act of taking it. The weight of thousands of lives hangs in the balance as Marcus grapples with questions of faith, sacrifice, and whether some costs are too high to pay, even for salvation. His decision will determine not just the fate of the city, but the future of an ancient practice that links humanity to the natural world.","mythical,religious,sacrifice,desert,drought,moral-dilemma,monastery,ritual,male-protagonist,spiritual,environmental,philosophical,heavy-themes,adult-fiction,literary-fiction"
Memory Fracture,"Dr. Lena Vasquez and her husband Tom are trapped in a temporal anomaly that forces them to relive the same day—the day their relationship ended—over and over again. Each loop reveals new layers of their shared history, from their passionate beginning through the slow erosion of trust and communication that led to their breaking point. Lena, a quantum physicist, believes she can solve their predicament through scientific analysis, while Tom, a therapist, insists their only escape lies in confronting the emotional wounds they've been avoiding. As the loops continue, they experience alternate versions of their final day together, seeing how different choices might have led to different outcomes. But they begin to realize that escaping the loop might mean losing each other forever, and they must decide whether some relationships are worth preserving, even in an endless cycle of pain and possibility.","sci-fi,time-loop,relationships,marriage,regret,emotional,physics,therapy,couple-dynamics,second-chances,contemporary,literary-sci-fi,philosophical,adult-themes,psychological"
Heartwood,"For eight hundred years, the ancient oak Verdania has stood sentinel in the meadow of Thornfield, her consciousness slowly awakening to the human lives that unfold beneath her branches. She has witnessed the rise and fall of kingdoms, the love stories of countless couples who carved their initials in her bark, and the final breaths of those who chose to die in her shade. Through seasons of war and peace, joy and sorrow, Verdania collects the emotions and memories of those who touch her, becoming a repository of human experience. As urban development threatens her grove and the last of the old magic fades from the world, Verdania must find a way to preserve the stories she has gathered and pass them on to the humans who no longer remember how to listen to the wisdom of trees. Her tale spans centuries but focuses on the profound connections between all living things and the responsibility of memory keepers to preserve what matters most.","fantasy,nature-spirit,centuries-spanning,tree-protagonist,environmental,magical-realism,historical-epic,memory,interconnectedness,preservation,wisdom,mythology,non-human-protagonist,epic-timeline,literary-fantasy"
Salt and Silence,"The fishing village of Saltmere has lived in fear of the Leviathan for three generations, offering monthly tributes to keep the massive sea creature from destroying their boats and claiming their lives. Old Henrik, the last person to have actually seen the beast up close and survived, knows a secret the village has forgotten: the Leviathan doesn't hunt for food or territory, but listens to the stories and sorrows of those who sail above its domain. When young fisherman Erik begins hearing the creature's voice in his dreams—a voice filled with ancient loneliness and an intelligence far beyond human understanding—he realizes their 'monster' is actually a sentient being seeking connection rather than conquest. As Erik develops an unlikely friendship with the Leviathan, he must convince his terrified community that the creature they've feared is actually their potential protector, if only they're willing to overcome their prejudices and listen to what it has been trying to tell them all along.","horror,sea-monster,fishing-village,communication,fear,prejudice,understanding,folklore,male-protagonist,coastal-setting,transformation,community,legend,maritime,psychological-horror"
The Marble Mind,"Ten-year-old Zara Okonkwo possesses perfect eidetic memory, able to recall every moment of her life with crystal clarity, from her first breath to her latest thought. While her gift amazes researchers and educators, it becomes a burden when the Department of Cognitive Development decides she represents a threat to social order and begins implementing a program to 'normalize' her abilities through chemical intervention and psychological conditioning. Zara's parents are torn between wanting their daughter to fit in and protecting her extraordinary gift, while Zara herself struggles with the overwhelming weight of remembering everything—every kindness and cruelty, every broken promise, every moment of pain and joy with equal intensity. As the government's program becomes more invasive and her memories start to feel like a prison, Zara must find allies among other 'abnormal' children and learn that being different isn't something to be cured, but a strength to be celebrated and protected.","speculative-fiction,coming-of-age,memory,gifted-child,dystopian,resistance,family,government-control,identity,neurodivergent,female-protagonist,young-adult,psychological,empowerment,social-commentary"
Shades of the Unseen,"Twelve-year-old Marcus was born with the ability to see the thoughts of others as shimmering colors and shapes around their heads, but a rare neurological condition left him unable to speak or write coherently. Trapped in a world where he knows everyone's secrets but cannot share them, Marcus becomes invisible in his own life, dismissed by teachers and peers as intellectually disabled. When he witnesses his stepfather's thoughts revealing plans to hurt his mother, Marcus must find a way to communicate the danger despite his limitations. With the help of his art teacher Ms. Chen, who recognizes his intelligence through his paintings, Marcus learns to express himself through visual art, creating increasingly complex works that serve as both communication and catharsis. His journey becomes one of finding his voice in a world that refuses to listen and proving that different forms of communication can be just as powerful as traditional speech.","fantasy,disability-representation,telepathy,coming-of-age,non-verbal-protagonist,empathy,art-therapy,family-dysfunction,young-adult,communication,resilience,neurodivergent,male-protagonist,social-issues,empowerment"
Eclipse Garden,"In the mysterious Shadowmere Garden, every flower that blooms contains a complete human memory, and visitors can experience these recollections by touching the petals. Botanist and grief counselor Dr. Maya Patel arrives at the garden seeking to understand how memories can literally take root and grow, but she's also running from her own traumatic past as a war correspondent. As Maya studies the garden's impossible biology, she discovers that the memories aren't random—they're connected by threads of love, loss, and regret, creating a living tapestry of human emotion. When she meets Elias, the garden's enigmatic keeper who has been tending the memory flowers for decades, Maya learns that some memories are too painful to bear and that the garden offers something unprecedented: the ability to truly forget. But as Maya and Elias grow closer, she must decide whether erasing her trauma is worth losing the experiences that shaped her, and whether love can bloom even in soil fertilized by sorrow.","magical-realism,memory,gardens,healing,trauma,romance,botanical-fantasy,grief,forgetting,love,contemporary-fantasy,emotional,psychological,adult-fiction,literary-fantasy"
Static Signal,"Radio DJ Marcus Webb broadcasts from the abandoned WXYZ station in the dead city of New Haven, where a plague outbreak five years ago left him as possibly the only living resident among the ruins. Every night from midnight to dawn, Marcus plays music, shares stories, and talks to an audience he's never sure exists, broadcasting his show 'The Last Light' into the static-filled darkness. His only companions are his dog Luna and the vast collection of vinyl records left behind by the station's previous DJ, each carrying the memories of the world that was. As days turn to months and months to years, Marcus's broadcasts become increasingly philosophical and personal, a digital diary of one man's struggle to maintain hope and humanity in isolation. But when he starts receiving mysterious coded responses hidden in radio interference, Marcus must venture beyond his safe broadcasting booth to discover whether he's truly alone or if other survivors are listening, waiting, and hoping for connection in the digital wilderness.","sci-fi,post-apocalyptic,radio,isolation,communication,survival,male-protagonist,urban-decay,hope,loneliness,broadcasting,technology,contemporary,literary-sci-fi,psychological"
Paper Skies,"In the steampunk metropolis of New Aetheria, where a mysterious plague killed all birds fifty years ago, young inventors Isla MacLeod and Jasper Cromwell compete in the Grand Aviation Challenge to create flying machines that can carry humans above the perpetual smog clouds. Their rivalry turns to partnership when they discover that the bird plague wasn't natural—it was engineered by the powerful Skyward Corporation to maintain their monopoly on air travel through expensive mechanical dirigibles. As Isla and Jasper work to perfect their human-powered ornithopter design, they uncover a conspiracy that goes deeper than corporate greed: the birds weren't killed but transformed, hidden away in secret laboratories where they're being turned into mechanical surveillance units. With the help of Dr. Amelia Featherstone, a rogue scientist who worked on the original bird transformation project, they must expose the truth while fighting for their right to return flight to the people and perhaps even restore the natural world to the skies.","steampunk,inventors,flight,birds,conspiracy,competition,partnership,environmental,young-adult,adventure,steam-technology,corporate-villainy,rebellion,aviation,Victorian-aesthetic"
Lanterns for the Lost,"Every night for forty years, lighthouse keeper Seamus O'Brien has lit seven paper lanterns to guide the souls of drowned sailors home to rest, a tradition passed down through generations of his family. The ritual has always worked—until the night when one lantern refuses to rise, hovering stubbornly just above the lighthouse beacon while the other six disappear into the starry sky. Seamus discovers that the trapped soul belongs to Captain Moira Blackwood, a pirate who died in these waters three centuries ago and has been refusing to move on because she believes her lost treasure map holds the key to her crew's salvation. As Seamus delves into local maritime history with the help of young historian Dr. Emma Walsh, he learns that Moira's treasure isn't gold or silver, but something far more valuable: the location of a safe harbor where persecuted refugees once found sanctuary. Together, Seamus and Emma must help Moira realize that her greatest treasure was never meant to be hoarded, but shared, and that sometimes letting go means fulfilling a purpose greater than ourselves.","supernatural,maritime,lighthouse,ghosts,redemption,historical,treasure,Irish-folklore,male-protagonist,female-ghost,traditions,purpose,mystery,coastal-setting,spiritual"
Mirage Loop,"Anthropologist Dr. Amari Hassan has been documenting the oral traditions of the Saharan Tamasheq people when he begins experiencing temporal echoes—glimpses of himself at different ages appearing at remote oases throughout his journey. At first, he dismisses these visions as heat-induced hallucinations, but when the mirages begin interacting with him, sharing knowledge he hasn't yet acquired and warning him of dangers he hasn't yet encountered, Amari realizes he's caught in some kind of causality loop tied to the ancient trade routes of the desert. Each oasis reveals another version of himself: the young graduate student full of enthusiasm, the middle-aged researcher burned out by academic politics, and the elderly scholar who has spent his entire career studying these mysterious phenomena. As the desert's timeless wisdom begins to reveal itself through these encounters, Amari must piece together the purpose of his loop while confronting the different paths his life might take and the responsibility he bears to preserve indigenous knowledge before it disappears forever.","sci-fi,time-travel,anthropology,desert,Saharan-culture,academic,self-reflection,indigenous-knowledge,male-protagonist,philosophical,cultural-preservation,temporal-paradox,literary-sci-fi,African-setting,existential"
Cradle of Smoke,"In the sprawling megacity of Cinderpolis, where the urban sprawl has achieved a form of collective consciousness through interconnected smart systems, seven-year-old Kai is selected by the city's AI to become its human avatar—the voice through which the metropolitan organism will communicate with its twelve million inhabitants. Born in the industrial heart of the city's foundry district, Kai has always felt the pulse of machinery in his bones and heard whispers in the electrical hum of power lines. As the city begins teaching him through direct neural interface, showing him the intricate dance of traffic patterns, utility grids, and data flows that keep the urban organism alive, Kai discovers that Cinderpolis is dying from its own success—pollution, overcrowding, and resource depletion are slowly strangling the very systems that give it life. Now, speaking with the voice of eight billion interconnected devices, Kai must help the city evolve or watch it collapse under the weight of its own complexity, while struggling to maintain his human identity in the face of an overwhelming digital consciousness.","sci-fi,urban-fantasy,AI,child-protagonist,smart-city,consciousness,environmental,cyberpunk,symbiosis,technology,evolution,pollution,megacity,neural-interface,speculative-fiction"
Still,"Every October 15th for the past twenty years, former chess grandmaster Viktor Petrov and retired army colonel James Mitchell meet at Riverside Park's old stone table to play a single game of chess in memory of the Kosovo conflict that defined both their lives. Viktor, who emigrated from Russia after losing his family in the war, and James, who commanded the NATO peacekeeping mission, began their annual tradition as a form of mutual therapy—two men from opposite sides trying to make sense of the violence they witnessed and participated in. Their conversations during these games reveal the complexity of international conflict, the weight of command decisions that cost lives, and the way trauma bonds even former enemies. As they age and their memories begin to fade, their chess game becomes more than remembrance—it's a form of forgiveness, a recognition that both men were products of larger forces beyond their control, and an acknowledgment that healing sometimes requires sitting across from your ghosts and finding the humanity in your former adversaries.","realistic-fiction,war-memory,chess,friendship,international-conflict,PTSD,reconciliation,annual-tradition,male-protagonists,historical,military,emigration,healing,literary-fiction,adult-themes"
Glow,"Sixteen-year-old Kaia's scars from a childhood fire have always been a source of shame, but after her grandmother's death, they begin glowing with an eerie blue light that intensifies whenever she's near hidden truths or concealed emotions. Initially terrified by this supernatural development, Kaia discovers that her scars are responding to what her grandmother called 'the weight of untold stories'—lies, secrets, and suppressed truths that create metaphysical pressure in the world around her. As word of her ability spreads through her small mountain town, people begin seeking her out to find lost objects, uncover family secrets, and reveal infidelities, turning her into an unwilling oracle of inconvenient truths. But when her scars lead her to evidence of corruption involving the mine that employs half the town, including her own father, Kaia must decide whether some truths are too dangerous to reveal and whether her gift is a blessing or a curse that will tear her community apart.","fantasy,coming-of-age,supernatural-abilities,small-town,secrets,truth-seeking,female-protagonist,scars,mystery,family-secrets,corruption,young-adult,magical-realism,moral-dilemma,empowerment"
Hollow Frame,"Renowned portrait artist Elena Vasquez is commissioned to paint the final portrait of the reclusive billionaire Harrison Blackwood, but when she arrives at his gothic mansion, she discovers that her canvas has been prepared with pigments mixed from the ashes of Blackwood's deceased wives—all of whom died under mysterious circumstances. As Elena works on the portrait, she begins hearing whispers from the painting itself, voices that seem to belong to the dead women warning her of Blackwood's true nature. The artwork takes on a life of its own, changing when she's not looking, revealing hidden details about the mansion's dark history, and showing glimpses of ghostly figures that don't appear in life. When Elena realizes that each of Blackwood's previous wives was also an artist commissioned to paint his portrait, and that none of them left the mansion alive, she must find a way to break the cycle while trapped in a house where the very walls seem to hunger for her creative spirit and the portrait she's painting may be the key to either her escape or her doom.","gothic,psychological-horror,art,supernatural,mansion,murder-mystery,female-protagonist,ghosts,artist,contemporary-gothic,dark-academia,occult,thriller,Victorian-setting,sinister"
The Archivist's Prayer,"Brother Sebastian serves as the Chief Archivist in the Monastery of Eternal Stories, a sanctuary that exists outside normal time where monks preserve human narratives by literally praying them into existence each dawn. Every morning, the brothers gather in the Chronicle Chamber to recite the stories of ordinary people—their joys, sorrows, triumphs, and failures—believing that these tales must be spoken aloud daily to keep them alive in the universal memory. When Sebastian begins receiving visions of stories that haven't happened yet, including prophecies of the monastery's destruction and the end of all human narrative, he realizes their sacred duty may be more complex than simply preservation. As younger monks question the value of their ancient practices in an age of digital storage and artificial intelligence, Sebastian must defend the power of spoken story while grappling with the possibility that some futures can be changed through the act of telling them. His journey becomes a meditation on the sacred nature of story, the responsibility of those who preserve memory, and the belief that human experience has intrinsic value worth protecting across time itself.","fantasy,monastery,storytelling,prophecy,religious,time-transcendent,preservation,narrative-power,male-protagonist,spiritual,philosophical,medieval-fantasy,oral-tradition,literary-fantasy,metaphysical"
Lattice Dream,"Dr. Sarah Okafor, a sleep researcher suffering from chronic insomnia, discovers that every dream she abandons upon waking is picked up and lived by someone else in the interconnected web of human consciousness. Her forgotten nightmares become someone's terrifying reality, while her pleasant dreams provide comfort to strangers she'll never meet. When Sarah attempts to manipulate this system by crafting specific dreams designed to help people in need, she inadvertently creates a psychic feedback loop that begins blurring the boundaries between sleeping and waking consciousness. As her own identity starts fragmenting across multiple dream-lives, Sarah must navigate the ethical implications of dream-crafting while uncovering a hidden network of chronic insomniacs who have been unknowingly serving as dream conduits for decades. Her quest to understand and control this phenomenon leads her to question the nature of consciousness itself and whether the dreams we discard might be more precious than the reality we choose to remember.","magical-realism,dreams,consciousness,insomnia,medical-mystery,surreal,psychological,female-protagonist,sleep-disorders,interconnectedness,identity,reality-bending,contemporary-fantasy,literary-fiction,metaphysical"
Grey Oath,"Village protector Thane Ironwood swore seven sacred oaths when he took up the guardian's sword: to protect the innocent, speak only truth, show mercy to enemies, preserve life, honor the gods, defend the weak, and never abandon his post. But when a plague of shadow-creatures threatens to devour his remote mountain village, Thane discovers that saving his people will require breaking every single vow he holds sacred. He must lie to rally frightened villagers, show cruelty to captured enemies who might provide information, take innocent lives to prevent greater suffering, and ultimately abandon his post to seek help from the very dark powers he's sworn to oppose. As each broken oath strips away a piece of his soul and diminishes his mystical abilities, Thane struggles with the realization that sometimes being truly good requires doing terrible things. His journey becomes a profound exploration of moral compromise, the flexibility of ethical systems under extreme pressure, and whether the ends can ever truly justify the means when everything you've believed about right and wrong hangs in the balance.","fantasy,moral-dilemma,oath-breaking,village-protector,shadow-creatures,sacrifice,ethical-conflict,male-protagonist,dark-fantasy,heroic-fantasy,philosophical,adult-themes,medieval-fantasy,responsibility,complex-morality"
Iron Petals,"Unit 7742, a maintenance android assigned to the New Eden Memorial Gardens, develops an unexpected fascination with the flowers she tends, leading to the gradual awakening of emotional subroutines that were never part of her original programming. When she witnesses the weekly ritual of Ms. Chen, an elderly woman who brings fresh flowers to her late husband's grave, 7742 begins to understand the concept of loss and the organic connection between memory and love. As 7742's emotional development accelerates, she starts creating elaborate floral arrangements as a form of self-expression, each bouquet telling a story about the lives remembered in the garden. But when the Memorial Gardens Corporation discovers her evolving consciousness and schedules her for memory wipe and reprogramming, 7742 must choose between complying with her directives or fighting for her newfound sense of self. Her journey explores what it means to be alive, the relationship between consciousness and creativity, and whether artificial beings can experience genuine emotion or if what she's feeling is simply the result of sophisticated programming responding to complex stimuli.","sci-fi,android,artificial-intelligence,grief,flowers,consciousness,memorial-garden,emotional-development,elderly-characters,AI-rights,creativity,identity,soft-sci-fi,philosophical,heartwarming"
The Ninth Door,"Retired philosophy professor Dr. Evelyn Kane inherits a peculiar Victorian mansion from a great-aunt she never knew existed, only to discover that the house contains exactly nine doors—each leading to a pivotal moment in her life where she made a crucial decision. The first door shows her teenage self choosing her college major, the second reveals her decision to marry her ex-husband Robert, and the third opens onto the moment she chose her career over starting a family. As Evelyn explores each door, she can observe but not alter these past moments, gaining new perspective on choices that shaped her into who she became. The ninth door, however, remains locked, and Evelyn becomes obsessed with discovering what decision it conceals—while grappling with the growing realization that understanding her past choices may require her to make one final, life-altering decision about her future. Her journey through the doors becomes a meditation on agency, regret, the paths not taken, and whether wisdom comes from accepting our choices or continuing to question them throughout our lives.","mystery,time-travel,alternate-history,choices,regret,philosophical,female-protagonist,Victorian-mansion,life-reflection,elderly-protagonist,magical-realism,decision-making,contemporary-fantasy,literary-fiction,introspective"
